{
  "frozen": {
    "accuracy": 0.870460704607046,
    "macro_f1": 0.5760153059709487
  },
  "finetuned": {
    "accuracy": 0.9463414634146341,
    "macro_f1": 0.7352055008278277
  }
}